sensor_id,timestamp,temperature,humidity,location,sensor_type
1053,2025-04-03 12:52:55,34.05,44.88,BuildingB_Floor2,TypeA
1053,2025-04-04 04:44:27,25.33,36.92,BuildingA_Floor1,TypeB
1064,2025-04-05 00:19:35,31.63,76.12,BuildingB_Floor1,TypeA
1077,2025-04-08 00:58:19,24.05,34.07,BuildingA_Floor1,TypeB
1083,2025-04-05 23:58:36,29.81,41.93,BuildingB_Floor2,TypeA
1022,2025-04-06 21:44:29,28.58,64.29,BuildingA_Floor1,TypeC
1073,2025-04-06 22:35:39,34.1,63.99,BuildingA_Floor1,TypeC
1069,2025-04-04 10:21:50,30.56,49.23,BuildingB_Floor1,TypeA
1053,2025-04-06 15:32:26,20.31,69.95,BuildingB_Floor2,TypeB
1027,2025-04-06 05:26:07,23.84,52.7,BuildingB_Floor2,TypeC
1022,2025-04-07 13:56:53,31.15,75.61,BuildingB_Floor2,TypeA
1095,2025-04-08 05:51:00,16.98,76.43,BuildingB_Floor2,TypeA
1034,2025-04-04 05:20:45,31.96,43.96,BuildingB_Floor2,TypeB
1088,2025-04-04 05:06:14,27.97,79.23,BuildingB_Floor2,TypeC
1077,2025-04-04 09:58:19,19.49,70.95,BuildingB_Floor1,TypeC
1054,2025-04-08 03:05:24,15.01,38.59,BuildingA_Floor1,TypeB
1047,2025-04-06 14:53:13,18.95,67.02,BuildingB_Floor2,TypeC
1035,2025-04-08 00:04:01,31.71,55.04,BuildingB_Floor2,TypeB
1022,2025-04-03 23:54:19,19.25,58.58,BuildingB_Floor2,TypeB
1099,2025-04-06 19:54:10,33.99,40.42,BuildingA_Floor2,TypeA
1011,2025-04-07 00:43:42,29.11,59.98,BuildingB_Floor2,TypeC
1045,2025-04-06 03:02:47,17.43,32.3,BuildingA_Floor2,TypeC
1028,2025-04-04 12:37:24,27.06,55.65,BuildingB_Floor1,TypeA
1080,2025-04-04 00:40:40,24.57,78.22,BuildingB_Floor1,TypeC
1032,2025-04-05 01:23:39,17.36,62.82,BuildingB_Floor2,TypeB
1093,2025-04-07 10:03:01,20.16,65.21,BuildingA_Floor1,TypeA
1080,2025-04-03 12:39:14,20.93,40.87,BuildingA_Floor2,TypeC
1096,2025-04-05 17:05:49,32.53,71.52,BuildingB_Floor2,TypeC
1024,2025-04-07 14:33:16,26.71,71.7,BuildingA_Floor1,TypeB
1045,2025-04-04 08:47:34,16.31,67.2,BuildingB_Floor2,TypeC
1100,2025-04-03 23:13:06,21.08,55.73,BuildingB_Floor1,TypeC
1025,2025-04-05 05:54:31,31.59,55.74,BuildingB_Floor1,TypeA
1028,2025-04-06 14:36:19,16.13,31.01,BuildingB_Floor2,TypeA
1087,2025-04-03 12:37:58,17.73,71.85,BuildingA_Floor2,TypeB
1067,2025-04-08 03:54:14,26.2,60.44,BuildingB_Floor2,TypeC
1037,2025-04-05 22:40:18,21.14,36.36,BuildingB_Floor1,TypeC
1008,2025-04-04 21:54:11,20.81,75.92,BuildingA_Floor1,TypeB
1046,2025-04-06 02:51:20,15.2,40.04,BuildingA_Floor2,TypeC
1050,2025-04-07 21:33:37,18.15,68.9,BuildingB_Floor2,TypeC
1022,2025-04-05 15:28:53,27.1,59.13,BuildingA_Floor1,TypeB
1052,2025-04-05 14:10:29,25.96,48.8,BuildingB_Floor2,TypeC
1060,2025-04-07 17:04:50,17.88,57.52,BuildingB_Floor2,TypeC
1054,2025-04-05 20:00:15,24.25,70.52,BuildingA_Floor2,TypeA
1076,2025-04-04 22:52:23,25.49,53.75,BuildingA_Floor1,TypeA
1023,2025-04-03 13:54:53,25.56,76.92,BuildingA_Floor1,TypeB
1047,2025-04-07 01:45:00,28.47,51.55,BuildingB_Floor2,TypeA
1083,2025-04-05 10:28:42,33.74,55.27,BuildingA_Floor1,TypeA
1044,2025-04-06 15:26:55,17.16,54.47,BuildingB_Floor1,TypeC
1080,2025-04-03 17:12:08,22.64,52.13,BuildingB_Floor1,TypeB
1096,2025-04-08 01:56:28,34.06,64.93,BuildingB_Floor1,TypeC
1049,2025-04-05 20:59:01,16.78,51.16,BuildingB_Floor1,TypeB
1067,2025-04-04 15:29:06,29.76,48.43,BuildingA_Floor1,TypeB
1002,2025-04-06 15:39:24,32.01,72.05,BuildingB_Floor1,TypeA
1024,2025-04-04 16:45:49,23.77,31.51,BuildingA_Floor1,TypeC
1029,2025-04-06 06:18:03,21.84,60.37,BuildingB_Floor1,TypeB
1025,2025-04-06 20:56:01,17.12,66.96,BuildingA_Floor1,TypeC
1067,2025-04-03 18:29:27,22.42,56.73,BuildingA_Floor1,TypeC
1054,2025-04-03 14:59:18,28.82,57.62,BuildingA_Floor1,TypeB
1029,2025-04-07 06:35:44,23.09,72.05,BuildingA_Floor1,TypeC
1011,2025-04-06 08:08:42,26.55,76.26,BuildingB_Floor2,TypeA
1071,2025-04-04 16:18:01,34.29,61.27,BuildingB_Floor2,TypeA
1048,2025-04-05 10:37:26,27.13,32.68,BuildingB_Floor2,TypeC
1014,2025-04-03 20:54:27,22.87,60.91,BuildingB_Floor1,TypeA
1006,2025-04-06 05:01:57,33.93,60.43,BuildingB_Floor2,TypeA
1015,2025-04-06 06:48:55,24.63,66.56,BuildingA_Floor2,TypeA
1009,2025-04-07 14:42:31,15.84,34.77,BuildingA_Floor1,TypeB
1044,2025-04-05 16:38:11,26.32,41.91,BuildingB_Floor1,TypeC
1038,2025-04-04 14:20:59,29.84,38.0,BuildingA_Floor1,TypeC
1040,2025-04-07 07:51:28,30.57,54.44,BuildingB_Floor1,TypeB
1003,2025-04-04 23:00:50,21.12,58.77,BuildingA_Floor1,TypeA
1013,2025-04-06 20:17:36,32.0,69.72,BuildingA_Floor2,TypeB
1060,2025-04-05 00:02:23,25.66,30.3,BuildingB_Floor1,TypeC
1003,2025-04-06 21:36:58,22.44,71.92,BuildingB_Floor1,TypeA
1048,2025-04-04 01:51:41,15.62,65.76,BuildingA_Floor2,TypeC
1059,2025-04-04 16:23:03,18.92,58.0,BuildingB_Floor1,TypeC
1043,2025-04-06 17:41:14,33.27,69.4,BuildingB_Floor1,TypeB
1061,2025-04-07 08:50:02,22.2,72.05,BuildingA_Floor2,TypeB
1009,2025-04-06 03:39:15,20.76,46.28,BuildingB_Floor1,TypeA
1077,2025-04-04 04:52:57,33.03,60.87,BuildingB_Floor2,TypeC
1040,2025-04-07 09:14:37,27.22,66.23,BuildingA_Floor1,TypeC
1063,2025-04-03 15:15:29,30.73,39.45,BuildingA_Floor1,TypeC
1071,2025-04-07 06:24:50,23.99,74.11,BuildingA_Floor1,TypeB
1010,2025-04-06 23:30:11,19.43,46.8,BuildingA_Floor2,TypeA
1048,2025-04-04 23:43:00,30.76,54.91,BuildingB_Floor2,TypeC
1083,2025-04-07 22:24:27,19.3,33.58,BuildingA_Floor2,TypeA
1055,2025-04-07 20:34:52,17.22,64.28,BuildingB_Floor2,TypeA
1082,2025-04-04 06:45:12,26.13,49.81,BuildingB_Floor1,TypeB
1016,2025-04-08 03:41:45,27.72,36.76,BuildingB_Floor2,TypeC
1057,2025-04-05 09:53:01,15.98,71.38,BuildingB_Floor1,TypeC
1019,2025-04-07 19:14:23,19.34,65.93,BuildingA_Floor1,TypeC
1075,2025-04-08 00:28:30,32.43,79.06,BuildingA_Floor1,TypeC
1041,2025-04-04 00:43:42,17.55,72.5,BuildingA_Floor1,TypeC
1056,2025-04-06 02:50:18,21.84,47.55,BuildingB_Floor1,TypeB
1080,2025-04-04 08:21:25,31.41,48.48,BuildingA_Floor1,TypeB
1033,2025-04-06 10:34:20,21.52,32.34,BuildingA_Floor2,TypeB
1017,2025-04-06 22:49:06,16.16,62.02,BuildingB_Floor2,TypeC
1095,2025-04-07 19:18:13,17.08,63.77,BuildingB_Floor1,TypeC
1077,2025-04-05 00:39:47,23.87,40.25,BuildingB_Floor2,TypeC
1090,2025-04-05 05:51:30,29.32,39.88,BuildingA_Floor2,TypeA
1028,2025-04-03 15:55:42,18.72,33.99,BuildingB_Floor1,TypeA
1083,2025-04-05 13:36:24,31.4,77.78,BuildingA_Floor1,TypeB
1017,2025-04-06 16:21:25,27.82,65.4,BuildingB_Floor2,TypeA
1074,2025-04-05 19:26:25,20.3,37.53,BuildingB_Floor1,TypeB
1015,2025-04-08 07:31:48,22.1,34.06,BuildingA_Floor1,TypeA
1013,2025-04-05 09:00:14,23.53,43.91,BuildingA_Floor1,TypeA
1082,2025-04-04 07:09:49,25.99,45.91,BuildingA_Floor2,TypeA
1065,2025-04-07 17:33:07,17.53,75.28,BuildingB_Floor1,TypeA
1008,2025-04-04 07:41:33,25.42,75.94,BuildingA_Floor2,TypeB
1000,2025-04-05 20:29:46,20.14,35.04,BuildingA_Floor2,TypeC
1087,2025-04-06 12:16:11,17.84,77.7,BuildingA_Floor1,TypeC
1014,2025-04-04 04:09:43,23.36,31.62,BuildingB_Floor1,TypeB
1008,2025-04-03 14:02:08,20.23,58.62,BuildingA_Floor1,TypeB
1093,2025-04-08 08:14:52,15.26,77.9,BuildingA_Floor1,TypeC
1050,2025-04-07 15:44:30,22.97,67.67,BuildingB_Floor2,TypeC
1001,2025-04-03 20:13:06,26.48,75.72,BuildingB_Floor2,TypeC
1059,2025-04-05 11:49:28,31.43,32.17,BuildingB_Floor1,TypeA
1042,2025-04-03 18:59:22,22.36,41.17,BuildingA_Floor2,TypeC
1033,2025-04-04 08:43:49,26.4,45.76,BuildingB_Floor1,TypeA
1010,2025-04-07 06:54:51,32.82,54.82,BuildingB_Floor2,TypeC
1071,2025-04-07 02:59:54,17.64,35.61,BuildingB_Floor1,TypeA
1095,2025-04-05 08:35:34,24.66,35.19,BuildingB_Floor2,TypeB
1094,2025-04-05 18:26:10,22.94,50.62,BuildingB_Floor1,TypeB
1091,2025-04-04 23:16:08,24.68,39.4,BuildingA_Floor2,TypeC
1075,2025-04-08 06:19:28,20.81,41.1,BuildingB_Floor2,TypeC
1034,2025-04-04 12:23:51,17.38,69.43,BuildingA_Floor1,TypeA
1036,2025-04-07 18:09:42,29.17,63.59,BuildingA_Floor1,TypeC
1003,2025-04-07 01:10:30,24.19,59.22,BuildingB_Floor2,TypeA
1049,2025-04-06 14:49:20,29.65,55.21,BuildingA_Floor1,TypeA
1041,2025-04-04 11:43:04,32.39,68.23,BuildingA_Floor1,TypeC
1095,2025-04-06 21:30:29,26.15,36.52,BuildingB_Floor2,TypeC
1032,2025-04-05 22:54:23,24.94,54.03,BuildingB_Floor2,TypeC
1066,2025-04-04 23:52:08,22.21,65.3,BuildingB_Floor1,TypeB
1073,2025-04-05 15:58:37,18.81,77.32,BuildingB_Floor1,TypeC
1058,2025-04-06 17:36:26,22.07,50.88,BuildingA_Floor2,TypeC
1004,2025-04-06 05:50:50,22.43,60.34,BuildingB_Floor2,TypeC
1018,2025-04-07 15:31:21,33.96,77.05,BuildingB_Floor1,TypeB
1051,2025-04-06 11:18:53,32.37,47.78,BuildingA_Floor2,TypeC
1064,2025-04-04 17:39:25,19.18,44.42,BuildingB_Floor2,TypeA
1080,2025-04-03 20:32:49,18.68,71.1,BuildingA_Floor2,TypeB
1080,2025-04-03 18:31:27,24.73,44.98,BuildingA_Floor1,TypeC
1059,2025-04-03 12:29:39,21.12,37.52,BuildingB_Floor1,TypeB
1006,2025-04-07 14:49:26,18.07,52.92,BuildingA_Floor2,TypeC
1003,2025-04-08 01:27:03,20.46,69.18,BuildingB_Floor2,TypeA
1092,2025-04-06 18:03:48,24.36,33.41,BuildingA_Floor1,TypeC
1037,2025-04-04 13:15:45,17.09,56.75,BuildingA_Floor1,TypeA
1100,2025-04-05 16:04:12,20.25,67.28,BuildingA_Floor2,TypeC
1040,2025-04-07 05:50:45,29.79,30.87,BuildingB_Floor2,TypeC
1069,2025-04-04 12:39:08,24.06,79.05,BuildingA_Floor2,TypeC
1023,2025-04-04 14:02:30,29.92,67.78,BuildingB_Floor1,TypeC
1091,2025-04-06 22:18:05,25.8,55.28,BuildingA_Floor2,TypeB
1021,2025-04-07 00:16:07,26.58,62.88,BuildingA_Floor1,TypeB
1052,2025-04-06 03:32:42,29.66,58.59,BuildingB_Floor1,TypeB
1005,2025-04-04 05:00:23,22.74,49.15,BuildingB_Floor1,TypeC
1016,2025-04-07 23:11:43,18.39,52.38,BuildingA_Floor1,TypeA
1098,2025-04-06 09:02:08,28.95,74.17,BuildingB_Floor1,TypeA
1059,2025-04-05 15:21:11,19.06,50.0,BuildingB_Floor2,TypeC
1048,2025-04-06 21:23:54,32.2,30.77,BuildingA_Floor2,TypeA
1080,2025-04-08 05:46:40,23.6,48.46,BuildingB_Floor2,TypeC
1013,2025-04-08 02:27:44,21.86,31.49,BuildingB_Floor1,TypeA
1049,2025-04-05 11:49:09,32.15,58.67,BuildingB_Floor2,TypeA
1081,2025-04-06 02:32:05,22.11,41.74,BuildingB_Floor1,TypeB
1076,2025-04-07 13:27:05,23.96,31.67,BuildingA_Floor2,TypeA
1015,2025-04-07 07:28:56,34.43,62.43,BuildingB_Floor2,TypeA
1015,2025-04-05 13:35:51,23.99,70.67,BuildingA_Floor1,TypeB
1001,2025-04-07 04:53:06,30.95,67.24,BuildingA_Floor1,TypeA
1061,2025-04-07 05:21:41,30.68,73.27,BuildingB_Floor2,TypeA
1028,2025-04-05 05:05:54,21.09,77.86,BuildingB_Floor1,TypeA
1068,2025-04-07 16:57:20,26.43,75.86,BuildingB_Floor2,TypeC
1031,2025-04-06 22:17:54,25.71,38.78,BuildingA_Floor1,TypeC
1047,2025-04-04 06:48:53,25.94,74.49,BuildingB_Floor1,TypeB
1037,2025-04-05 18:16:30,26.96,76.43,BuildingA_Floor2,TypeC
1098,2025-04-07 20:15:46,21.81,72.68,BuildingA_Floor1,TypeC
1015,2025-04-08 04:58:29,22.87,47.84,BuildingA_Floor1,TypeB
1041,2025-04-05 00:24:54,22.25,34.92,BuildingA_Floor1,TypeC
1077,2025-04-07 18:41:14,34.78,74.88,BuildingA_Floor1,TypeC
1088,2025-04-06 07:24:19,27.28,71.87,BuildingA_Floor2,TypeA
1055,2025-04-07 18:04:45,23.89,61.73,BuildingB_Floor1,TypeC
1035,2025-04-03 20:55:11,16.09,57.6,BuildingA_Floor2,TypeC
1071,2025-04-03 23:29:08,33.3,30.79,BuildingB_Floor1,TypeC
1042,2025-04-05 04:58:07,17.66,62.9,BuildingB_Floor2,TypeC
1055,2025-04-03 19:23:53,21.89,74.84,BuildingA_Floor1,TypeA
1004,2025-04-05 22:24:35,23.51,42.43,BuildingB_Floor1,TypeA
1056,2025-04-04 02:05:50,31.51,59.65,BuildingA_Floor1,TypeA
1038,2025-04-04 08:55:48,24.57,32.7,BuildingA_Floor2,TypeC
1016,2025-04-06 08:24:32,25.83,47.59,BuildingB_Floor1,TypeB
1034,2025-04-06 23:44:11,32.21,45.66,BuildingB_Floor1,TypeB
1058,2025-04-08 02:18:46,16.66,74.62,BuildingB_Floor1,TypeA
1000,2025-04-06 01:30:14,25.5,56.54,BuildingB_Floor2,TypeC
1052,2025-04-07 00:38:19,23.34,56.75,BuildingA_Floor1,TypeC
1079,2025-04-05 23:20:12,33.93,42.83,BuildingA_Floor1,TypeA
1060,2025-04-06 06:31:51,31.03,33.46,BuildingB_Floor1,TypeC
1069,2025-04-04 13:33:06,23.38,59.64,BuildingA_Floor2,TypeB
1045,2025-04-03 13:34:17,15.11,63.89,BuildingA_Floor1,TypeA
1054,2025-04-07 05:46:01,21.22,33.33,BuildingB_Floor1,TypeC
1005,2025-04-05 15:46:06,16.8,46.25,BuildingB_Floor1,TypeC
1050,2025-04-05 04:30:55,20.87,51.18,BuildingB_Floor2,TypeA
1069,2025-04-03 16:50:18,32.37,33.97,BuildingA_Floor2,TypeA
1092,2025-04-04 09:08:25,20.64,31.82,BuildingB_Floor2,TypeA
1084,2025-04-08 08:27:08,34.61,42.42,BuildingA_Floor1,TypeC
1033,2025-04-06 11:07:42,25.06,79.28,BuildingA_Floor1,TypeC
1082,2025-04-07 08:34:21,31.59,44.44,BuildingB_Floor2,TypeB
1085,2025-04-08 11:21:19,19.23,73.18,BuildingB_Floor2,TypeB
1037,2025-04-06 09:38:26,24.68,54.72,BuildingB_Floor2,TypeB
1002,2025-04-03 13:39:22,33.03,39.46,BuildingA_Floor1,TypeA
1015,2025-04-05 06:48:28,22.64,53.22,BuildingA_Floor1,TypeB
1001,2025-04-04 05:54:33,20.48,57.13,BuildingA_Floor2,TypeC
1000,2025-04-04 23:12:07,22.49,43.17,BuildingB_Floor1,TypeA
1042,2025-04-08 05:00:07,16.84,57.94,BuildingB_Floor2,TypeB
1050,2025-04-06 06:09:16,25.58,75.11,BuildingB_Floor1,TypeB
1027,2025-04-06 20:27:59,34.26,51.2,BuildingA_Floor2,TypeB
1032,2025-04-06 01:08:09,33.5,59.77,BuildingB_Floor2,TypeA
1049,2025-04-03 21:03:40,31.45,62.72,BuildingB_Floor1,TypeC
1054,2025-04-06 05:28:22,27.57,47.9,BuildingB_Floor1,TypeB
1010,2025-04-06 13:26:37,29.82,70.05,BuildingA_Floor2,TypeC
1036,2025-04-05 16:14:02,17.68,34.38,BuildingA_Floor1,TypeC
1088,2025-04-05 08:56:16,31.96,60.79,BuildingB_Floor1,TypeA
1051,2025-04-04 07:55:07,22.99,30.74,BuildingB_Floor1,TypeB
1063,2025-04-06 00:22:17,29.23,56.28,BuildingA_Floor2,TypeC
1087,2025-04-03 17:27:46,16.31,79.54,BuildingB_Floor1,TypeB
1036,2025-04-07 14:12:28,20.41,54.0,BuildingB_Floor1,TypeC
1005,2025-04-05 19:50:15,16.76,41.48,BuildingA_Floor2,TypeB
1067,2025-04-06 12:38:39,33.23,48.67,BuildingA_Floor2,TypeC
1081,2025-04-04 02:12:15,23.22,68.82,BuildingA_Floor1,TypeA
1001,2025-04-05 15:32:04,17.85,56.11,BuildingB_Floor1,TypeA
1013,2025-04-05 08:50:27,25.45,42.34,BuildingA_Floor1,TypeA
1048,2025-04-06 09:29:00,16.05,63.79,BuildingA_Floor2,TypeA
1010,2025-04-04 19:13:38,24.56,76.17,BuildingB_Floor2,TypeC
1074,2025-04-03 18:19:37,28.12,53.33,BuildingB_Floor2,TypeC
1015,2025-04-06 07:26:08,15.32,33.74,BuildingA_Floor2,TypeA
1068,2025-04-04 09:06:27,27.62,77.33,BuildingA_Floor2,TypeC
1096,2025-04-04 19:15:53,22.5,79.29,BuildingA_Floor1,TypeB
1070,2025-04-03 22:49:36,29.48,56.94,BuildingB_Floor2,TypeC
1046,2025-04-05 20:26:05,20.04,73.8,BuildingB_Floor2,TypeB
1005,2025-04-04 01:41:41,33.95,38.98,BuildingA_Floor2,TypeB
1036,2025-04-05 00:36:28,18.37,72.04,BuildingB_Floor1,TypeA
1034,2025-04-03 16:02:00,15.96,34.29,BuildingA_Floor2,TypeA
1094,2025-04-03 16:23:26,22.03,50.29,BuildingA_Floor2,TypeC
1036,2025-04-03 22:39:37,32.95,53.42,BuildingA_Floor2,TypeA
1058,2025-04-06 15:37:04,15.93,66.81,BuildingA_Floor2,TypeC
1055,2025-04-05 16:18:12,20.06,41.72,BuildingA_Floor1,TypeA
1097,2025-04-06 07:01:29,15.31,57.77,BuildingA_Floor2,TypeB
1026,2025-04-04 19:27:20,22.89,79.24,BuildingA_Floor1,TypeA
1073,2025-04-03 23:40:17,19.81,66.48,BuildingA_Floor1,TypeA
1002,2025-04-04 22:44:39,23.04,30.66,BuildingB_Floor2,TypeB
1085,2025-04-04 08:36:54,34.18,73.84,BuildingB_Floor2,TypeB
1085,2025-04-08 02:35:34,34.47,47.26,BuildingB_Floor2,TypeC
1094,2025-04-03 23:25:04,22.45,57.32,BuildingA_Floor2,TypeA
1091,2025-04-08 08:15:20,18.94,71.38,BuildingA_Floor2,TypeA
1008,2025-04-06 07:10:32,28.71,40.81,BuildingB_Floor2,TypeB
1095,2025-04-06 09:20:45,16.66,34.0,BuildingA_Floor2,TypeC
1018,2025-04-05 04:19:36,30.61,56.65,BuildingB_Floor1,TypeB
1059,2025-04-06 23:00:45,17.66,45.14,BuildingA_Floor2,TypeA
1086,2025-04-05 05:03:37,33.25,39.25,BuildingA_Floor2,TypeB
1013,2025-04-06 22:30:13,27.5,54.06,BuildingA_Floor2,TypeB
1044,2025-04-06 16:12:50,27.28,66.45,BuildingB_Floor2,TypeB
1003,2025-04-06 04:17:14,28.06,46.05,BuildingB_Floor1,TypeC
1076,2025-04-07 03:04:28,17.5,40.74,BuildingB_Floor1,TypeB
1029,2025-04-04 03:11:18,31.83,77.67,BuildingB_Floor1,TypeB
1034,2025-04-05 02:33:03,16.6,48.96,BuildingB_Floor2,TypeC
1090,2025-04-05 21:04:06,30.88,67.23,BuildingA_Floor2,TypeC
1052,2025-04-05 14:40:49,20.26,71.68,BuildingB_Floor2,TypeA
1004,2025-04-05 02:25:37,24.43,61.15,BuildingA_Floor1,TypeA
1056,2025-04-05 06:35:33,29.87,53.19,BuildingA_Floor2,TypeA
1011,2025-04-07 05:23:14,34.36,77.8,BuildingB_Floor1,TypeC
1085,2025-04-05 03:33:25,24.31,35.14,BuildingA_Floor2,TypeB
1001,2025-04-05 03:41:43,18.1,50.03,BuildingA_Floor2,TypeA
1082,2025-04-07 21:52:03,19.56,63.36,BuildingB_Floor2,TypeB
1064,2025-04-06 08:06:50,23.47,78.27,BuildingB_Floor1,TypeB
1053,2025-04-07 23:26:40,29.43,61.9,BuildingB_Floor1,TypeA
1019,2025-04-05 20:05:03,15.01,41.56,BuildingB_Floor2,TypeA
1080,2025-04-05 06:56:05,23.86,55.39,BuildingB_Floor2,TypeC
1045,2025-04-04 15:38:12,30.79,47.56,BuildingA_Floor1,TypeA
1092,2025-04-08 09:23:15,34.07,59.64,BuildingB_Floor1,TypeC
1069,2025-04-04 00:49:00,23.94,35.21,BuildingA_Floor1,TypeA
1032,2025-04-05 14:05:14,16.39,73.24,BuildingB_Floor1,TypeC
1064,2025-04-03 12:17:40,26.69,72.19,BuildingB_Floor1,TypeA
1041,2025-04-06 06:42:18,22.31,48.76,BuildingA_Floor1,TypeB
1063,2025-04-05 01:33:06,30.78,37.41,BuildingB_Floor1,TypeB
1023,2025-04-05 20:19:39,29.11,48.23,BuildingA_Floor1,TypeB
1001,2025-04-06 01:03:40,19.95,37.67,BuildingA_Floor1,TypeC
1010,2025-04-05 03:19:22,25.97,65.88,BuildingA_Floor2,TypeA
1032,2025-04-05 04:39:27,24.28,62.15,BuildingA_Floor2,TypeA
1051,2025-04-05 04:30:47,27.58,31.97,BuildingA_Floor1,TypeC
1017,2025-04-05 20:07:18,24.91,45.24,BuildingB_Floor1,TypeC
1059,2025-04-04 15:56:16,29.48,41.69,BuildingA_Floor1,TypeA
1015,2025-04-04 04:41:01,16.04,61.78,BuildingB_Floor2,TypeC
1059,2025-04-04 09:23:03,18.45,69.96,BuildingB_Floor1,TypeA
1028,2025-04-06 01:12:37,18.3,65.53,BuildingA_Floor1,TypeC
1070,2025-04-04 19:59:19,18.82,63.47,BuildingB_Floor1,TypeB
1088,2025-04-07 03:10:44,22.39,79.53,BuildingB_Floor1,TypeA
1046,2025-04-05 07:35:56,29.75,40.14,BuildingA_Floor1,TypeA
1005,2025-04-05 15:08:16,16.62,74.96,BuildingA_Floor2,TypeB
1091,2025-04-04 16:46:24,29.39,39.68,BuildingA_Floor2,TypeC
1025,2025-04-07 16:13:45,31.55,79.99,BuildingA_Floor2,TypeC
1079,2025-04-06 20:22:02,33.38,40.5,BuildingA_Floor2,TypeA
1067,2025-04-06 03:07:18,26.25,73.23,BuildingB_Floor2,TypeB
1015,2025-04-04 08:19:48,23.42,42.7,BuildingB_Floor1,TypeB
1000,2025-04-05 13:32:37,16.35,71.88,BuildingA_Floor1,TypeA
1001,2025-04-06 21:27:20,34.39,65.88,BuildingA_Floor2,TypeA
1006,2025-04-07 22:52:43,28.5,39.88,BuildingB_Floor2,TypeB
1081,2025-04-06 08:57:05,15.64,39.53,BuildingB_Floor1,TypeA
1070,2025-04-03 16:08:36,28.46,72.93,BuildingB_Floor1,TypeB
1003,2025-04-05 18:17:12,15.59,79.74,BuildingB_Floor2,TypeB
1086,2025-04-08 08:10:00,19.31,49.78,BuildingA_Floor2,TypeC
1049,2025-04-04 12:47:24,20.15,33.66,BuildingB_Floor2,TypeC
1039,2025-04-03 18:12:28,32.0,43.22,BuildingA_Floor1,TypeA
1054,2025-04-06 04:47:06,34.58,52.93,BuildingB_Floor1,TypeB
1092,2025-04-06 03:30:26,25.63,51.39,BuildingA_Floor1,TypeC
1015,2025-04-07 06:26:17,33.06,50.69,BuildingB_Floor2,TypeB
1053,2025-04-06 03:42:04,29.53,79.74,BuildingA_Floor2,TypeC
1078,2025-04-04 07:23:45,19.9,44.28,BuildingB_Floor1,TypeA
1077,2025-04-04 00:55:11,31.21,64.46,BuildingB_Floor1,TypeB
1025,2025-04-04 13:06:27,21.16,70.72,BuildingB_Floor2,TypeB
1058,2025-04-07 17:51:38,29.93,35.57,BuildingA_Floor1,TypeB
1015,2025-04-05 00:25:46,16.27,34.52,BuildingB_Floor2,TypeB
1030,2025-04-08 09:05:28,17.95,66.12,BuildingB_Floor2,TypeB
1052,2025-04-03 11:39:03,17.81,42.52,BuildingA_Floor2,TypeA
1052,2025-04-04 11:29:26,16.81,32.28,BuildingB_Floor1,TypeC
1066,2025-04-04 06:21:30,31.79,44.48,BuildingB_Floor1,TypeA
1039,2025-04-04 23:59:34,29.74,69.71,BuildingB_Floor1,TypeC
1094,2025-04-05 03:00:41,18.02,74.51,BuildingA_Floor2,TypeC
1019,2025-04-05 22:44:36,29.97,41.16,BuildingA_Floor2,TypeC
1071,2025-04-05 11:12:45,31.88,76.71,BuildingB_Floor2,TypeB
1001,2025-04-05 17:43:54,19.49,62.72,BuildingA_Floor1,TypeC
1087,2025-04-04 06:31:06,20.85,35.57,BuildingB_Floor2,TypeA
1026,2025-04-06 02:42:55,34.9,76.21,BuildingA_Floor2,TypeC
1067,2025-04-06 14:29:18,18.83,31.83,BuildingA_Floor2,TypeB
1004,2025-04-05 15:54:32,21.85,42.32,BuildingA_Floor2,TypeA
1089,2025-04-03 14:17:18,30.01,37.18,BuildingA_Floor1,TypeB
1067,2025-04-07 19:50:15,23.76,77.67,BuildingA_Floor1,TypeA
1063,2025-04-03 15:09:13,29.24,54.76,BuildingB_Floor2,TypeC
1097,2025-04-03 20:31:37,26.63,62.61,BuildingA_Floor1,TypeC
1038,2025-04-04 22:05:26,31.55,74.63,BuildingB_Floor1,TypeC
1006,2025-04-06 08:40:34,20.02,39.3,BuildingB_Floor1,TypeA
1076,2025-04-03 11:50:10,17.54,66.98,BuildingA_Floor1,TypeB
1062,2025-04-03 16:06:56,26.35,40.7,BuildingB_Floor2,TypeA
1047,2025-04-05 06:34:37,26.97,49.29,BuildingB_Floor1,TypeA
1027,2025-04-06 02:57:09,25.56,70.44,BuildingA_Floor2,TypeB
1025,2025-04-07 18:18:27,29.14,67.39,BuildingA_Floor2,TypeA
1060,2025-04-06 05:24:46,22.51,40.16,BuildingA_Floor2,TypeC
1092,2025-04-04 09:20:58,15.47,78.47,BuildingB_Floor2,TypeB
1088,2025-04-03 22:56:51,15.97,38.32,BuildingA_Floor1,TypeC
1100,2025-04-04 19:09:47,19.77,36.63,BuildingB_Floor2,TypeC
1014,2025-04-05 15:02:12,26.09,74.33,BuildingB_Floor1,TypeA
1001,2025-04-04 15:17:28,31.42,70.17,BuildingB_Floor1,TypeB
1040,2025-04-05 23:11:08,30.8,62.89,BuildingB_Floor1,TypeB
1018,2025-04-07 13:48:33,30.0,41.47,BuildingB_Floor1,TypeB
1029,2025-04-07 11:42:30,18.94,60.4,BuildingB_Floor2,TypeB
1084,2025-04-08 01:39:19,26.98,49.39,BuildingA_Floor2,TypeA
1063,2025-04-03 22:38:27,15.55,46.25,BuildingA_Floor1,TypeC
1046,2025-04-06 05:27:18,28.65,58.03,BuildingA_Floor1,TypeC
1084,2025-04-06 06:28:28,26.3,49.19,BuildingB_Floor2,TypeA
1095,2025-04-05 11:50:56,28.81,32.78,BuildingB_Floor1,TypeB
1050,2025-04-03 19:17:09,25.25,40.76,BuildingA_Floor2,TypeC
1029,2025-04-03 16:44:53,24.95,38.7,BuildingB_Floor1,TypeA
1007,2025-04-06 00:37:26,15.1,60.09,BuildingB_Floor2,TypeB
1018,2025-04-04 16:19:43,28.6,32.64,BuildingA_Floor1,TypeC
1079,2025-04-05 05:45:26,22.54,51.83,BuildingA_Floor1,TypeA
1000,2025-04-07 13:00:40,30.3,52.36,BuildingA_Floor2,TypeA
1026,2025-04-04 16:23:02,22.39,48.83,BuildingA_Floor2,TypeC
1003,2025-04-04 21:22:05,17.87,52.31,BuildingA_Floor1,TypeC
1035,2025-04-05 19:26:03,33.53,58.32,BuildingA_Floor1,TypeB
1028,2025-04-08 05:55:08,17.54,43.21,BuildingB_Floor2,TypeB
1050,2025-04-04 21:35:05,23.06,58.61,BuildingA_Floor1,TypeA
1072,2025-04-03 12:40:07,26.07,45.43,BuildingA_Floor2,TypeA
1064,2025-04-05 23:30:18,24.07,49.89,BuildingB_Floor1,TypeC
1078,2025-04-04 13:18:58,27.72,55.31,BuildingB_Floor2,TypeC
1043,2025-04-07 21:05:39,27.63,46.84,BuildingA_Floor2,TypeA
1043,2025-04-03 18:24:49,15.69,68.26,BuildingA_Floor2,TypeA
1069,2025-04-04 16:51:38,34.53,50.73,BuildingB_Floor1,TypeA
1058,2025-04-04 00:42:15,30.16,68.94,BuildingB_Floor1,TypeB
1094,2025-04-04 01:36:51,23.55,78.55,BuildingA_Floor2,TypeC
1087,2025-04-06 21:48:57,23.33,63.35,BuildingA_Floor1,TypeB
1072,2025-04-03 18:23:17,27.54,60.88,BuildingA_Floor1,TypeB
1000,2025-04-05 04:38:07,28.06,54.65,BuildingB_Floor2,TypeB
1030,2025-04-03 20:45:48,28.54,52.86,BuildingA_Floor2,TypeC
1026,2025-04-08 00:41:14,26.86,41.72,BuildingA_Floor1,TypeB
1069,2025-04-08 04:53:30,16.08,44.94,BuildingB_Floor2,TypeA
1031,2025-04-08 03:23:50,17.8,33.33,BuildingB_Floor2,TypeC
1002,2025-04-06 01:31:32,17.0,40.14,BuildingB_Floor1,TypeC
1016,2025-04-04 17:51:25,23.07,75.75,BuildingB_Floor1,TypeA
1032,2025-04-07 18:21:32,29.73,48.26,BuildingA_Floor2,TypeB
1060,2025-04-03 11:52:27,20.38,76.09,BuildingA_Floor1,TypeC
1093,2025-04-08 10:26:25,24.69,41.9,BuildingB_Floor2,TypeC
1042,2025-04-04 06:57:18,28.86,31.66,BuildingB_Floor1,TypeA
1098,2025-04-04 08:00:56,31.48,37.58,BuildingB_Floor2,TypeA
1078,2025-04-05 05:36:31,34.29,55.24,BuildingB_Floor1,TypeA
1083,2025-04-07 11:44:30,19.31,36.15,BuildingA_Floor1,TypeA
1073,2025-04-07 01:43:31,25.56,63.04,BuildingA_Floor2,TypeB
1028,2025-04-05 07:21:59,34.66,37.53,BuildingB_Floor1,TypeB
1061,2025-04-08 01:36:19,34.41,68.47,BuildingB_Floor1,TypeC
1003,2025-04-05 03:32:36,24.84,39.96,BuildingA_Floor2,TypeB
1068,2025-04-04 03:27:08,17.18,50.63,BuildingB_Floor2,TypeC
1016,2025-04-04 02:28:39,29.09,32.48,BuildingA_Floor1,TypeB
1038,2025-04-08 02:59:22,26.7,49.36,BuildingB_Floor2,TypeA
1044,2025-04-05 01:21:07,20.64,37.36,BuildingA_Floor1,TypeC
1087,2025-04-07 10:32:27,31.42,77.79,BuildingB_Floor2,TypeA
1079,2025-04-06 20:16:53,33.22,66.26,BuildingB_Floor1,TypeC
1075,2025-04-07 06:08:43,15.34,63.5,BuildingA_Floor1,TypeC
1074,2025-04-06 05:18:17,20.53,62.58,BuildingA_Floor1,TypeB
1009,2025-04-03 20:18:11,33.67,79.94,BuildingB_Floor1,TypeC
1095,2025-04-06 18:33:20,19.34,42.81,BuildingB_Floor1,TypeA
1028,2025-04-04 16:16:59,16.32,75.4,BuildingB_Floor2,TypeC
1097,2025-04-06 13:15:59,33.12,61.34,BuildingA_Floor1,TypeA
1029,2025-04-04 08:18:25,29.64,53.41,BuildingB_Floor2,TypeA
1025,2025-04-07 14:24:43,26.55,44.46,BuildingB_Floor1,TypeC
1062,2025-04-06 09:46:39,18.36,72.31,BuildingB_Floor1,TypeB
1099,2025-04-03 15:28:44,16.85,46.46,BuildingB_Floor1,TypeA
1036,2025-04-07 01:53:49,33.09,64.46,BuildingB_Floor2,TypeC
1022,2025-04-04 08:54:23,30.03,60.68,BuildingA_Floor1,TypeC
1019,2025-04-05 08:00:39,27.31,45.64,BuildingB_Floor1,TypeB
1050,2025-04-06 09:34:24,32.52,47.64,BuildingA_Floor2,TypeA
1046,2025-04-06 17:45:46,23.01,44.23,BuildingB_Floor2,TypeA
1009,2025-04-05 21:41:38,34.47,64.64,BuildingB_Floor2,TypeC
1085,2025-04-06 11:08:27,28.65,79.21,BuildingA_Floor2,TypeB
1012,2025-04-06 01:54:08,17.01,70.46,BuildingB_Floor1,TypeC
1023,2025-04-04 06:57:10,30.79,56.29,BuildingA_Floor1,TypeA
1005,2025-04-06 00:56:00,25.86,79.67,BuildingA_Floor1,TypeC
1044,2025-04-08 09:27:51,28.49,62.91,BuildingB_Floor1,TypeA
1059,2025-04-03 13:54:10,20.9,35.07,BuildingB_Floor1,TypeC
1078,2025-04-07 04:13:19,20.16,41.13,BuildingB_Floor2,TypeC
1027,2025-04-04 07:08:59,18.51,50.03,BuildingA_Floor1,TypeA
1093,2025-04-06 03:44:28,19.33,79.88,BuildingB_Floor1,TypeB
1089,2025-04-08 01:48:58,27.31,66.0,BuildingA_Floor2,TypeB
1022,2025-04-05 04:31:45,23.45,33.63,BuildingA_Floor1,TypeC
1059,2025-04-05 13:02:49,26.08,79.12,BuildingB_Floor2,TypeB
1046,2025-04-08 00:03:52,20.02,45.78,BuildingA_Floor2,TypeA
1002,2025-04-05 21:51:39,28.73,42.97,BuildingB_Floor2,TypeB
1022,2025-04-06 09:05:05,22.43,67.31,BuildingB_Floor2,TypeA
1028,2025-04-08 08:23:24,20.25,52.0,BuildingA_Floor2,TypeA
1071,2025-04-07 19:47:16,30.25,40.0,BuildingA_Floor1,TypeC
1092,2025-04-08 04:02:43,18.95,42.16,BuildingA_Floor2,TypeA
1020,2025-04-05 01:50:09,15.38,73.27,BuildingB_Floor2,TypeB
1005,2025-04-07 12:16:14,26.84,77.68,BuildingB_Floor2,TypeB
1000,2025-04-05 14:48:06,33.55,79.41,BuildingA_Floor1,TypeC
1000,2025-04-04 20:36:10,16.82,31.56,BuildingB_Floor1,TypeC
1062,2025-04-03 14:08:36,25.32,66.13,BuildingA_Floor2,TypeA
1070,2025-04-05 15:08:50,17.34,70.16,BuildingA_Floor2,TypeA
1025,2025-04-03 15:32:53,32.61,37.72,BuildingB_Floor2,TypeA
1061,2025-04-04 16:13:01,34.2,57.47,BuildingB_Floor2,TypeB
1054,2025-04-07 04:44:01,28.81,75.98,BuildingB_Floor1,TypeB
1069,2025-04-05 13:08:30,25.52,32.29,BuildingA_Floor1,TypeC
1068,2025-04-06 20:24:53,22.96,53.89,BuildingA_Floor2,TypeB
1070,2025-04-04 04:56:31,31.92,78.25,BuildingA_Floor2,TypeC
1008,2025-04-04 10:13:53,23.1,68.75,BuildingA_Floor1,TypeA
1055,2025-04-06 19:49:57,15.72,49.1,BuildingB_Floor1,TypeA
1047,2025-04-07 07:00:47,30.79,67.8,BuildingB_Floor1,TypeA
1074,2025-04-03 16:43:27,28.95,42.15,BuildingA_Floor1,TypeC
1011,2025-04-04 09:16:21,17.96,31.69,BuildingA_Floor1,TypeB
1013,2025-04-05 15:50:50,31.53,36.2,BuildingB_Floor1,TypeB
1011,2025-04-07 03:24:42,31.82,63.35,BuildingB_Floor1,TypeC
1094,2025-04-06 21:27:31,20.53,32.47,BuildingB_Floor2,TypeA
1090,2025-04-07 19:26:33,16.22,70.0,BuildingA_Floor1,TypeB
1075,2025-04-07 08:10:00,33.34,37.2,BuildingB_Floor2,TypeA
1027,2025-04-04 16:36:55,18.16,43.36,BuildingA_Floor1,TypeA
1066,2025-04-04 15:56:28,26.59,68.53,BuildingA_Floor1,TypeB
1083,2025-04-04 12:07:38,25.24,77.2,BuildingB_Floor1,TypeA
1017,2025-04-03 23:49:52,28.46,40.83,BuildingB_Floor1,TypeC
1078,2025-04-06 23:32:44,27.65,56.57,BuildingB_Floor2,TypeA
1056,2025-04-03 14:33:54,32.39,38.39,BuildingA_Floor1,TypeA
1072,2025-04-08 00:39:22,25.2,69.36,BuildingB_Floor2,TypeB
1017,2025-04-05 23:04:25,20.67,54.58,BuildingB_Floor1,TypeC
1081,2025-04-07 17:27:54,32.09,48.61,BuildingA_Floor1,TypeB
1034,2025-04-05 03:17:11,21.33,66.0,BuildingA_Floor1,TypeB
1068,2025-04-04 23:20:16,30.84,79.71,BuildingA_Floor2,TypeB
1007,2025-04-07 15:16:40,18.08,52.55,BuildingA_Floor1,TypeB
1051,2025-04-07 13:02:13,27.54,74.47,BuildingB_Floor2,TypeA
1043,2025-04-04 04:09:57,31.49,74.05,BuildingA_Floor1,TypeC
1070,2025-04-07 02:13:35,32.26,48.71,BuildingB_Floor1,TypeB
1056,2025-04-06 03:20:18,22.39,43.32,BuildingA_Floor1,TypeA
1018,2025-04-04 01:57:02,20.34,47.92,BuildingA_Floor1,TypeC
1020,2025-04-04 13:12:46,31.3,41.88,BuildingA_Floor2,TypeA
1006,2025-04-08 09:51:38,33.51,75.93,BuildingA_Floor2,TypeA
1100,2025-04-05 09:10:06,23.92,50.29,BuildingA_Floor1,TypeC
1098,2025-04-05 08:45:21,30.69,36.15,BuildingB_Floor2,TypeA
1084,2025-04-08 10:10:03,20.22,58.07,BuildingB_Floor1,TypeA
1031,2025-04-05 02:09:13,16.31,72.89,BuildingA_Floor2,TypeB
1006,2025-04-04 01:51:23,18.54,73.5,BuildingB_Floor2,TypeC
1014,2025-04-08 06:41:53,21.17,65.79,BuildingB_Floor1,TypeC
1097,2025-04-05 12:51:58,20.26,49.53,BuildingB_Floor1,TypeB
1036,2025-04-03 13:58:07,27.04,44.67,BuildingA_Floor2,TypeC
1065,2025-04-07 03:39:15,30.18,42.07,BuildingA_Floor1,TypeB
1056,2025-04-06 16:51:51,24.73,70.66,BuildingB_Floor2,TypeA
1035,2025-04-04 19:34:49,15.24,47.38,BuildingB_Floor2,TypeB
1072,2025-04-07 07:52:57,28.0,62.8,BuildingA_Floor1,TypeC
1021,2025-04-06 12:06:02,19.61,38.34,BuildingA_Floor2,TypeC
1035,2025-04-07 11:50:32,34.87,59.55,BuildingA_Floor2,TypeB
1007,2025-04-05 06:01:25,26.12,39.92,BuildingB_Floor1,TypeB
1071,2025-04-06 19:11:06,19.42,45.3,BuildingB_Floor2,TypeA
1057,2025-04-05 11:56:13,21.29,46.08,BuildingB_Floor2,TypeC
1078,2025-04-04 05:35:51,15.83,72.97,BuildingA_Floor2,TypeB
1070,2025-04-04 06:10:28,16.68,69.33,BuildingB_Floor2,TypeA
1031,2025-04-03 22:50:21,18.98,44.09,BuildingA_Floor1,TypeC
1021,2025-04-06 02:40:00,30.73,36.48,BuildingA_Floor1,TypeB
1023,2025-04-03 16:49:48,34.03,49.36,BuildingB_Floor2,TypeB
1004,2025-04-06 22:44:40,18.88,56.43,BuildingB_Floor1,TypeA
1032,2025-04-07 14:31:39,17.97,52.08,BuildingB_Floor2,TypeC
1082,2025-04-05 13:08:18,31.43,55.58,BuildingA_Floor2,TypeC
1060,2025-04-06 18:35:23,32.14,62.87,BuildingA_Floor1,TypeC
1064,2025-04-08 09:26:39,19.63,32.57,BuildingB_Floor1,TypeA
1095,2025-04-05 13:25:17,15.35,40.64,BuildingB_Floor1,TypeC
1047,2025-04-07 22:18:29,17.11,52.19,BuildingA_Floor1,TypeC
1089,2025-04-05 13:02:22,28.11,35.14,BuildingB_Floor1,TypeA
1039,2025-04-07 01:01:12,16.71,77.85,BuildingB_Floor2,TypeC
1020,2025-04-06 02:52:21,19.2,63.87,BuildingA_Floor2,TypeA
1043,2025-04-05 11:20:48,19.36,50.16,BuildingA_Floor1,TypeC
1060,2025-04-07 06:07:08,22.25,51.1,BuildingB_Floor2,TypeB
1012,2025-04-06 10:59:48,28.48,41.89,BuildingA_Floor2,TypeB
1047,2025-04-06 15:29:38,22.65,54.06,BuildingB_Floor2,TypeB
1064,2025-04-06 19:11:03,32.34,52.43,BuildingB_Floor1,TypeB
1099,2025-04-04 06:08:40,17.69,58.09,BuildingA_Floor2,TypeA
1078,2025-04-07 11:32:04,19.58,61.03,BuildingA_Floor1,TypeB
1079,2025-04-04 18:06:15,33.46,47.96,BuildingA_Floor1,TypeC
1091,2025-04-04 06:58:12,20.56,40.27,BuildingB_Floor2,TypeA
1012,2025-04-07 20:48:58,24.52,37.46,BuildingB_Floor2,TypeA
1085,2025-04-05 18:15:32,20.03,62.14,BuildingB_Floor1,TypeB
1056,2025-04-07 00:34:50,26.96,64.27,BuildingA_Floor1,TypeB
1054,2025-04-04 07:03:06,18.69,74.45,BuildingB_Floor1,TypeB
1088,2025-04-04 19:03:23,18.81,33.21,BuildingA_Floor1,TypeB
1094,2025-04-05 08:35:08,16.64,56.86,BuildingB_Floor1,TypeA
1027,2025-04-03 18:36:17,18.54,64.65,BuildingB_Floor1,TypeA
1074,2025-04-05 12:39:45,25.45,59.9,BuildingA_Floor2,TypeC
1023,2025-04-07 10:35:06,25.08,57.13,BuildingA_Floor1,TypeA
1016,2025-04-07 15:27:53,23.15,48.25,BuildingA_Floor1,TypeC
1088,2025-04-06 08:35:59,25.99,62.81,BuildingB_Floor1,TypeA
1070,2025-04-06 11:34:30,19.48,45.24,BuildingA_Floor1,TypeC
1078,2025-04-04 08:44:04,24.39,40.2,BuildingB_Floor2,TypeC
1010,2025-04-04 02:30:31,22.73,75.54,BuildingB_Floor1,TypeC
1029,2025-04-04 17:36:51,29.62,39.52,BuildingA_Floor1,TypeB
1009,2025-04-08 09:48:35,20.83,44.32,BuildingB_Floor2,TypeB
1100,2025-04-08 02:49:35,25.28,30.88,BuildingB_Floor2,TypeC
1052,2025-04-07 06:55:18,29.71,36.45,BuildingA_Floor1,TypeA
1026,2025-04-03 21:46:05,15.14,78.78,BuildingA_Floor1,TypeA
1031,2025-04-08 07:30:11,21.42,51.51,BuildingB_Floor2,TypeC
1008,2025-04-06 15:17:13,17.04,56.78,BuildingB_Floor1,TypeB
1065,2025-04-05 13:13:23,32.14,31.03,BuildingB_Floor1,TypeC
1092,2025-04-08 00:41:51,15.19,67.37,BuildingB_Floor1,TypeC
1048,2025-04-06 17:19:47,17.39,39.04,BuildingA_Floor2,TypeA
1041,2025-04-04 17:32:19,30.44,74.42,BuildingB_Floor1,TypeA
1083,2025-04-03 16:14:00,28.08,65.66,BuildingA_Floor1,TypeA
1070,2025-04-04 03:32:40,26.15,47.65,BuildingB_Floor2,TypeC
1038,2025-04-05 08:20:33,31.95,74.93,BuildingB_Floor2,TypeA
1043,2025-04-04 19:46:27,16.19,58.09,BuildingB_Floor1,TypeB
1021,2025-04-04 06:26:20,31.28,34.08,BuildingB_Floor1,TypeA
1028,2025-04-05 01:04:02,29.98,32.66,BuildingA_Floor2,TypeC
1035,2025-04-03 15:36:24,27.44,44.89,BuildingA_Floor1,TypeA
1005,2025-04-05 01:01:19,31.17,43.83,BuildingB_Floor2,TypeC
1028,2025-04-05 17:53:53,15.43,44.12,BuildingA_Floor1,TypeB
1058,2025-04-07 02:58:18,23.05,51.64,BuildingA_Floor2,TypeB
1099,2025-04-07 06:00:51,21.84,73.07,BuildingA_Floor2,TypeB
1073,2025-04-07 20:55:14,25.04,73.64,BuildingA_Floor1,TypeC
1037,2025-04-03 18:30:22,15.65,72.11,BuildingA_Floor1,TypeB
1098,2025-04-06 10:10:01,28.05,60.47,BuildingB_Floor1,TypeB
1051,2025-04-08 11:21:30,20.98,40.0,BuildingB_Floor1,TypeA
1008,2025-04-05 13:52:41,16.12,51.94,BuildingB_Floor2,TypeA
1082,2025-04-05 03:41:00,20.95,62.35,BuildingB_Floor1,TypeB
1054,2025-04-05 21:17:49,24.57,39.98,BuildingB_Floor2,TypeB
1017,2025-04-03 19:22:47,26.99,42.27,BuildingA_Floor2,TypeC
1012,2025-04-08 07:51:00,29.18,63.27,BuildingB_Floor2,TypeB
1093,2025-04-04 03:30:32,32.98,49.87,BuildingB_Floor2,TypeB
1040,2025-04-03 23:58:42,26.35,31.12,BuildingA_Floor2,TypeC
1025,2025-04-07 19:43:48,33.71,31.98,BuildingB_Floor1,TypeA
1016,2025-04-06 21:25:33,28.67,67.82,BuildingA_Floor2,TypeB
1059,2025-04-08 04:25:49,32.76,64.39,BuildingA_Floor2,TypeC
1092,2025-04-03 20:19:05,21.77,31.5,BuildingA_Floor1,TypeA
1024,2025-04-04 01:07:00,15.17,71.94,BuildingB_Floor2,TypeB
1018,2025-04-04 21:11:15,24.66,45.05,BuildingB_Floor1,TypeA
1000,2025-04-07 04:13:44,21.11,72.83,BuildingB_Floor1,TypeA
1094,2025-04-06 23:20:28,23.42,68.02,BuildingA_Floor2,TypeC
1074,2025-04-03 15:39:47,22.93,51.46,BuildingA_Floor1,TypeC
1056,2025-04-05 20:40:27,30.48,73.49,BuildingB_Floor1,TypeC
1083,2025-04-03 18:45:12,17.94,79.74,BuildingB_Floor1,TypeB
1068,2025-04-07 00:22:45,30.74,64.68,BuildingB_Floor1,TypeC
1061,2025-04-03 19:20:44,17.02,41.55,BuildingA_Floor1,TypeB
1073,2025-04-05 20:25:16,21.13,79.67,BuildingB_Floor1,TypeC
1097,2025-04-04 03:48:47,15.26,44.51,BuildingB_Floor1,TypeA
1017,2025-04-04 19:38:12,20.25,74.54,BuildingB_Floor2,TypeB
1068,2025-04-04 00:57:59,32.13,52.91,BuildingB_Floor2,TypeC
1013,2025-04-06 00:52:42,23.1,36.38,BuildingB_Floor1,TypeA
1045,2025-04-03 18:04:11,30.85,36.69,BuildingA_Floor1,TypeB
1034,2025-04-07 09:52:16,25.42,77.36,BuildingB_Floor1,TypeB
1011,2025-04-07 05:41:03,31.82,31.3,BuildingA_Floor1,TypeA
1057,2025-04-04 06:14:19,18.79,51.49,BuildingB_Floor2,TypeB
1091,2025-04-06 08:26:12,16.08,53.23,BuildingA_Floor2,TypeC
1013,2025-04-03 16:03:19,27.51,61.74,BuildingA_Floor1,TypeB
1098,2025-04-06 00:51:20,18.49,43.92,BuildingA_Floor1,TypeB
1094,2025-04-04 21:46:44,17.86,53.27,BuildingA_Floor2,TypeC
1024,2025-04-07 15:22:44,17.81,72.73,BuildingB_Floor2,TypeC
1031,2025-04-05 03:39:34,16.79,54.54,BuildingB_Floor2,TypeA
1040,2025-04-04 13:53:41,33.24,55.69,BuildingB_Floor1,TypeB
1056,2025-04-06 17:22:43,30.36,52.52,BuildingB_Floor1,TypeA
1083,2025-04-03 23:06:07,32.89,53.6,BuildingA_Floor2,TypeB
1062,2025-04-05 06:43:22,24.56,31.77,BuildingA_Floor2,TypeB
1080,2025-04-07 04:26:33,16.99,30.83,BuildingB_Floor2,TypeA
1066,2025-04-05 00:15:17,26.67,55.1,BuildingA_Floor1,TypeA
1052,2025-04-04 15:58:37,23.02,75.95,BuildingB_Floor2,TypeC
1014,2025-04-06 03:41:13,29.61,62.49,BuildingB_Floor1,TypeB
1088,2025-04-06 06:56:26,29.44,70.32,BuildingB_Floor2,TypeC
1019,2025-04-04 11:55:54,34.31,64.7,BuildingB_Floor1,TypeB
1003,2025-04-04 05:09:56,19.4,42.57,BuildingB_Floor1,TypeC
1051,2025-04-05 11:48:28,31.35,74.57,BuildingA_Floor2,TypeB
1013,2025-04-04 11:03:52,27.53,63.14,BuildingA_Floor2,TypeC
1062,2025-04-05 22:45:18,33.86,68.51,BuildingA_Floor2,TypeC
1058,2025-04-03 15:21:17,25.42,45.1,BuildingA_Floor1,TypeA
1020,2025-04-06 16:39:50,32.18,62.69,BuildingA_Floor2,TypeC
1042,2025-04-06 10:22:04,31.07,36.51,BuildingB_Floor1,TypeC
1041,2025-04-05 21:48:49,24.16,58.39,BuildingA_Floor1,TypeC
1015,2025-04-06 05:33:47,18.86,36.29,BuildingA_Floor2,TypeA
1007,2025-04-04 06:58:05,15.46,77.25,BuildingB_Floor1,TypeA
1060,2025-04-07 17:17:02,27.28,70.21,BuildingA_Floor2,TypeC
1000,2025-04-04 08:17:05,32.97,63.74,BuildingB_Floor2,TypeC
1095,2025-04-03 14:59:36,34.27,66.77,BuildingB_Floor2,TypeC
1009,2025-04-06 10:20:43,32.79,63.05,BuildingB_Floor1,TypeA
1011,2025-04-03 13:49:35,25.0,33.16,BuildingA_Floor1,TypeC
1002,2025-04-03 15:37:16,32.63,62.19,BuildingA_Floor1,TypeB
1036,2025-04-06 23:13:01,23.53,41.43,BuildingB_Floor2,TypeA
1052,2025-04-04 02:31:54,25.78,47.27,BuildingB_Floor2,TypeA
1097,2025-04-05 03:09:43,34.84,60.64,BuildingA_Floor1,TypeA
1011,2025-04-06 16:42:31,25.28,79.22,BuildingB_Floor1,TypeC
1084,2025-04-07 03:43:45,34.4,47.42,BuildingB_Floor1,TypeA
1017,2025-04-07 21:41:51,18.74,35.15,BuildingB_Floor1,TypeA
1039,2025-04-07 18:15:03,18.7,62.57,BuildingB_Floor1,TypeA
1012,2025-04-07 08:03:23,19.81,33.03,BuildingA_Floor1,TypeC
1065,2025-04-06 21:29:38,18.66,77.84,BuildingA_Floor1,TypeA
1079,2025-04-06 00:44:51,23.67,32.97,BuildingB_Floor1,TypeC
1042,2025-04-05 05:21:06,34.51,74.35,BuildingB_Floor2,TypeB
1021,2025-04-05 15:01:59,33.43,38.97,BuildingA_Floor1,TypeC
1037,2025-04-07 01:16:33,27.09,71.54,BuildingA_Floor2,TypeC
1026,2025-04-07 09:14:10,23.18,41.97,BuildingA_Floor2,TypeA
1018,2025-04-05 08:15:52,24.3,51.08,BuildingB_Floor2,TypeC
1039,2025-04-08 02:38:43,32.74,70.96,BuildingB_Floor2,TypeB
1015,2025-04-07 16:04:40,20.63,43.83,BuildingA_Floor1,TypeA
1004,2025-04-05 02:21:58,33.36,51.21,BuildingA_Floor1,TypeA
1025,2025-04-03 14:00:47,23.56,33.51,BuildingA_Floor2,TypeA
1014,2025-04-05 07:39:35,32.47,74.47,BuildingA_Floor1,TypeB
1037,2025-04-04 05:09:08,27.05,79.54,BuildingA_Floor1,TypeB
1086,2025-04-08 10:36:20,23.0,44.2,BuildingB_Floor1,TypeA
1086,2025-04-05 09:39:39,15.71,67.96,BuildingB_Floor2,TypeA
1000,2025-04-06 02:07:09,32.19,43.41,BuildingA_Floor1,TypeB
1007,2025-04-03 22:56:22,29.0,55.17,BuildingB_Floor2,TypeC
1045,2025-04-04 12:47:03,28.83,51.45,BuildingB_Floor1,TypeC
1045,2025-04-07 04:55:33,23.41,64.15,BuildingB_Floor1,TypeA
1017,2025-04-07 18:20:49,18.6,52.56,BuildingB_Floor2,TypeA
1063,2025-04-05 03:48:22,24.12,52.01,BuildingB_Floor1,TypeA
1071,2025-04-05 17:50:40,24.12,31.36,BuildingB_Floor1,TypeA
1051,2025-04-06 21:37:18,19.17,77.41,BuildingB_Floor2,TypeA
1043,2025-04-03 20:21:41,17.24,74.41,BuildingA_Floor2,TypeA
1022,2025-04-04 09:38:37,15.15,77.87,BuildingA_Floor1,TypeA
1008,2025-04-04 06:35:24,19.45,45.7,BuildingA_Floor2,TypeC
1044,2025-04-06 15:13:41,16.13,34.74,BuildingB_Floor1,TypeB
1035,2025-04-07 00:17:22,27.06,74.03,BuildingA_Floor1,TypeA
1050,2025-04-07 12:08:33,26.13,41.98,BuildingB_Floor2,TypeA
1025,2025-04-06 03:18:22,18.66,77.72,BuildingA_Floor2,TypeB
1091,2025-04-05 17:01:45,21.63,67.01,BuildingA_Floor2,TypeB
1014,2025-04-05 10:25:45,18.36,59.76,BuildingB_Floor1,TypeA
1040,2025-04-08 06:38:20,31.77,54.86,BuildingA_Floor2,TypeB
1016,2025-04-07 00:34:16,19.13,36.62,BuildingB_Floor1,TypeB
1006,2025-04-06 08:56:18,30.29,42.78,BuildingA_Floor1,TypeA
1031,2025-04-04 22:59:16,16.49,34.56,BuildingB_Floor2,TypeB
1043,2025-04-07 01:48:01,29.64,41.39,BuildingB_Floor2,TypeA
1017,2025-04-03 22:40:53,18.14,47.13,BuildingA_Floor1,TypeA
1009,2025-04-07 13:56:46,32.84,36.7,BuildingA_Floor1,TypeC
1070,2025-04-06 16:12:58,27.47,73.69,BuildingB_Floor2,TypeC
1099,2025-04-04 18:03:16,22.2,34.67,BuildingA_Floor2,TypeA
1094,2025-04-08 06:44:21,29.21,60.16,BuildingA_Floor1,TypeC
1063,2025-04-04 21:49:38,24.25,39.71,BuildingA_Floor2,TypeC
1091,2025-04-08 05:37:55,31.82,42.85,BuildingA_Floor1,TypeB
1000,2025-04-07 04:25:38,26.72,79.53,BuildingB_Floor2,TypeC
1083,2025-04-05 12:17:20,28.39,51.63,BuildingA_Floor2,TypeA
1031,2025-04-06 22:59:55,25.66,57.82,BuildingA_Floor1,TypeA
1046,2025-04-07 02:42:36,34.73,33.77,BuildingB_Floor1,TypeC
1025,2025-04-07 05:17:01,18.09,44.53,BuildingB_Floor1,TypeC
1021,2025-04-07 15:54:13,29.79,73.33,BuildingB_Floor2,TypeC
1071,2025-04-05 12:21:13,30.92,69.78,BuildingB_Floor2,TypeC
1024,2025-04-08 07:17:16,17.6,77.4,BuildingA_Floor2,TypeC
1045,2025-04-05 21:55:54,20.5,46.41,BuildingB_Floor2,TypeA
1022,2025-04-04 11:53:12,22.04,44.4,BuildingA_Floor2,TypeA
1075,2025-04-06 00:31:08,34.22,70.95,BuildingB_Floor1,TypeC
1025,2025-04-05 18:48:55,19.81,58.23,BuildingB_Floor1,TypeB
1087,2025-04-04 16:03:22,32.45,45.12,BuildingA_Floor2,TypeB
1007,2025-04-07 10:44:00,31.72,44.96,BuildingB_Floor1,TypeA
1000,2025-04-04 10:06:21,27.81,77.15,BuildingB_Floor1,TypeB
1081,2025-04-04 16:29:20,29.67,67.17,BuildingB_Floor1,TypeB
1053,2025-04-07 07:16:04,33.43,63.05,BuildingA_Floor2,TypeC
1004,2025-04-06 20:02:15,26.35,49.61,BuildingB_Floor2,TypeB
1008,2025-04-06 11:08:00,29.18,73.93,BuildingB_Floor2,TypeC
1038,2025-04-03 15:48:19,18.69,40.23,BuildingA_Floor1,TypeA
1033,2025-04-07 15:05:29,33.18,38.07,BuildingA_Floor2,TypeC
1072,2025-04-05 23:19:27,20.46,47.97,BuildingA_Floor1,TypeC
1099,2025-04-07 08:10:51,26.05,67.8,BuildingA_Floor2,TypeB
1092,2025-04-06 16:54:15,17.79,46.95,BuildingA_Floor1,TypeB
1068,2025-04-06 06:26:36,28.84,60.31,BuildingB_Floor2,TypeA
1053,2025-04-04 02:49:01,25.71,67.39,BuildingA_Floor2,TypeB
1081,2025-04-07 05:17:21,28.7,62.3,BuildingA_Floor1,TypeB
1044,2025-04-06 03:26:16,33.38,39.17,BuildingB_Floor2,TypeC
1079,2025-04-07 08:17:21,25.99,46.78,BuildingB_Floor2,TypeC
1074,2025-04-05 07:05:59,28.13,79.38,BuildingA_Floor2,TypeA
1006,2025-04-08 05:40:05,20.9,55.71,BuildingA_Floor1,TypeB
1095,2025-04-05 10:11:17,24.07,52.86,BuildingB_Floor1,TypeA
1063,2025-04-04 04:57:25,19.89,55.02,BuildingB_Floor1,TypeB
1050,2025-04-06 05:19:17,30.05,68.49,BuildingA_Floor1,TypeC
1083,2025-04-07 19:28:08,24.7,74.03,BuildingA_Floor1,TypeC
1010,2025-04-04 22:04:45,17.67,66.1,BuildingB_Floor1,TypeB
1014,2025-04-05 17:10:18,17.01,70.07,BuildingA_Floor1,TypeC
1099,2025-04-06 13:43:47,28.01,73.79,BuildingA_Floor1,TypeA
1012,2025-04-03 12:00:36,22.91,42.18,BuildingA_Floor1,TypeB
1055,2025-04-06 19:24:51,31.94,49.32,BuildingA_Floor2,TypeA
1003,2025-04-08 03:49:53,31.66,54.87,BuildingA_Floor2,TypeC
1052,2025-04-06 20:24:06,21.32,79.48,BuildingB_Floor1,TypeC
1076,2025-04-03 13:36:34,16.46,56.88,BuildingB_Floor2,TypeB
1009,2025-04-04 04:14:33,24.47,42.81,BuildingB_Floor1,TypeB
1087,2025-04-07 11:28:19,21.97,54.22,BuildingA_Floor1,TypeA
1018,2025-04-07 04:47:52,17.08,43.97,BuildingB_Floor1,TypeA
1059,2025-04-06 19:25:16,21.58,52.04,BuildingA_Floor1,TypeB
1036,2025-04-04 04:37:34,21.62,64.12,BuildingB_Floor1,TypeB
1010,2025-04-03 14:26:04,21.99,56.77,BuildingA_Floor1,TypeC
1063,2025-04-08 05:44:08,20.81,49.94,BuildingA_Floor1,TypeC
1031,2025-04-06 21:16:49,22.84,67.04,BuildingA_Floor1,TypeC
1021,2025-04-06 17:51:02,29.95,43.72,BuildingB_Floor2,TypeA
1002,2025-04-07 09:10:18,18.53,59.04,BuildingA_Floor2,TypeA
1030,2025-04-05 09:40:44,25.87,44.29,BuildingA_Floor2,TypeC
1051,2025-04-05 06:27:04,30.44,38.28,BuildingB_Floor2,TypeB
1083,2025-04-07 04:39:47,25.33,63.14,BuildingB_Floor1,TypeB
1007,2025-04-07 13:22:49,26.43,56.57,BuildingA_Floor1,TypeC
1071,2025-04-05 08:06:33,31.05,48.07,BuildingA_Floor1,TypeC
1065,2025-04-03 21:27:30,30.47,76.6,BuildingA_Floor1,TypeB
1043,2025-04-07 06:34:36,25.58,49.75,BuildingA_Floor1,TypeC
1052,2025-04-06 05:37:39,21.58,43.31,BuildingA_Floor2,TypeC
1095,2025-04-08 03:49:25,32.34,67.66,BuildingB_Floor1,TypeB
1039,2025-04-05 10:37:51,23.25,41.19,BuildingB_Floor1,TypeC
1035,2025-04-06 00:47:29,33.0,31.66,BuildingA_Floor1,TypeC
1056,2025-04-06 16:50:12,29.31,42.81,BuildingB_Floor2,TypeB
1067,2025-04-07 01:50:49,20.57,57.6,BuildingB_Floor1,TypeA
1075,2025-04-07 18:48:15,33.85,78.04,BuildingA_Floor2,TypeA
1002,2025-04-04 02:17:51,34.31,73.13,BuildingB_Floor2,TypeB
1033,2025-04-06 05:57:27,23.03,44.85,BuildingA_Floor1,TypeC
1003,2025-04-03 17:09:34,29.01,55.45,BuildingA_Floor2,TypeA
1082,2025-04-07 00:40:26,15.92,77.84,BuildingA_Floor2,TypeB
1085,2025-04-06 01:02:34,23.24,55.2,BuildingA_Floor2,TypeB
1096,2025-04-05 04:37:13,29.2,44.51,BuildingB_Floor2,TypeC
1048,2025-04-07 17:32:42,17.01,47.98,BuildingB_Floor1,TypeC
1089,2025-04-05 21:20:22,17.79,56.75,BuildingA_Floor1,TypeB
1021,2025-04-07 01:00:20,24.47,60.9,BuildingB_Floor1,TypeA
1005,2025-04-05 06:30:02,22.11,50.58,BuildingB_Floor2,TypeA
1016,2025-04-05 13:44:05,31.49,50.66,BuildingB_Floor2,TypeA
1094,2025-04-06 15:15:34,18.52,47.5,BuildingB_Floor1,TypeB
1048,2025-04-04 04:19:03,29.23,63.32,BuildingA_Floor2,TypeC
1039,2025-04-05 19:27:35,24.3,39.1,BuildingA_Floor2,TypeB
1059,2025-04-03 13:34:08,22.79,78.64,BuildingB_Floor2,TypeC
1014,2025-04-05 17:53:57,18.76,71.34,BuildingA_Floor2,TypeA
1094,2025-04-08 05:39:47,29.57,74.72,BuildingA_Floor1,TypeA
1073,2025-04-08 10:21:57,34.44,32.21,BuildingA_Floor2,TypeA
1056,2025-04-07 16:43:22,21.11,44.0,BuildingB_Floor2,TypeA
1047,2025-04-05 17:49:09,24.33,63.48,BuildingB_Floor2,TypeC
1065,2025-04-04 20:29:31,30.16,39.41,BuildingA_Floor2,TypeA
1034,2025-04-07 17:58:07,22.32,47.59,BuildingB_Floor2,TypeC
1088,2025-04-03 21:31:48,30.96,48.6,BuildingB_Floor2,TypeA
1059,2025-04-04 06:31:21,23.94,52.43,BuildingA_Floor1,TypeC
1006,2025-04-05 03:55:58,15.14,60.39,BuildingB_Floor1,TypeA
1076,2025-04-06 05:45:47,23.11,65.44,BuildingA_Floor2,TypeB
1051,2025-04-07 04:41:21,26.49,68.46,BuildingA_Floor2,TypeB
1077,2025-04-08 04:49:54,26.48,77.79,BuildingB_Floor1,TypeB
1063,2025-04-07 06:20:27,25.85,59.85,BuildingB_Floor2,TypeC
1099,2025-04-07 16:34:43,19.56,46.14,BuildingA_Floor1,TypeA
1002,2025-04-05 05:34:06,25.44,45.96,BuildingB_Floor2,TypeB
1000,2025-04-07 00:13:00,29.17,57.74,BuildingB_Floor2,TypeB
1078,2025-04-06 08:09:03,30.52,76.13,BuildingB_Floor2,TypeB
1082,2025-04-08 03:09:07,30.45,77.79,BuildingB_Floor1,TypeA
1080,2025-04-05 18:19:36,34.06,69.59,BuildingB_Floor1,TypeC
1066,2025-04-05 18:12:11,32.93,41.46,BuildingA_Floor1,TypeC
1002,2025-04-06 05:00:42,28.9,41.02,BuildingA_Floor2,TypeA
1040,2025-04-04 07:59:41,27.86,30.38,BuildingA_Floor1,TypeB
1018,2025-04-07 06:59:08,30.57,30.56,BuildingA_Floor1,TypeB
1098,2025-04-04 05:04:06,26.62,51.64,BuildingB_Floor2,TypeB
1079,2025-04-03 22:33:06,26.68,79.6,BuildingA_Floor2,TypeA
1027,2025-04-03 22:17:07,18.04,67.05,BuildingB_Floor2,TypeC
1072,2025-04-06 11:21:46,33.25,68.29,BuildingA_Floor2,TypeA
1041,2025-04-03 15:45:11,29.9,47.55,BuildingA_Floor1,TypeC
1074,2025-04-05 23:03:05,27.31,79.16,BuildingB_Floor1,TypeA
1057,2025-04-06 23:22:45,17.99,77.33,BuildingA_Floor1,TypeC
1030,2025-04-07 00:48:35,32.55,74.09,BuildingB_Floor1,TypeB
1012,2025-04-06 23:01:06,30.1,65.26,BuildingA_Floor2,TypeC
1048,2025-04-04 11:37:33,22.82,42.3,BuildingB_Floor2,TypeC
1072,2025-04-03 20:54:57,18.81,61.13,BuildingA_Floor1,TypeC
1085,2025-04-06 02:56:00,17.19,77.07,BuildingB_Floor2,TypeA
1077,2025-04-08 05:00:38,27.51,74.68,BuildingA_Floor1,TypeC
1060,2025-04-08 00:09:15,28.81,34.45,BuildingA_Floor2,TypeB
1028,2025-04-04 20:19:44,34.82,67.0,BuildingA_Floor2,TypeC
1034,2025-04-05 08:57:17,32.51,59.42,BuildingB_Floor2,TypeB
1072,2025-04-06 04:51:38,17.98,43.52,BuildingA_Floor1,TypeC
1097,2025-04-06 16:50:43,30.74,71.34,BuildingB_Floor2,TypeA
1051,2025-04-04 13:11:53,34.38,38.38,BuildingB_Floor2,TypeA
1047,2025-04-07 06:48:34,34.04,77.52,BuildingA_Floor1,TypeC
1026,2025-04-06 12:43:20,17.6,35.2,BuildingA_Floor2,TypeB
1017,2025-04-06 13:28:30,28.66,75.29,BuildingA_Floor2,TypeC
1008,2025-04-04 04:06:28,24.2,39.52,BuildingB_Floor2,TypeB
1053,2025-04-08 05:50:33,31.61,44.17,BuildingA_Floor1,TypeA
1011,2025-04-05 18:42:17,15.85,42.53,BuildingB_Floor1,TypeC
1096,2025-04-04 00:08:29,17.18,67.53,BuildingA_Floor2,TypeA
1069,2025-04-05 13:51:47,23.43,52.4,BuildingB_Floor2,TypeB
1081,2025-04-08 10:29:03,24.01,51.84,BuildingB_Floor2,TypeC
1047,2025-04-06 06:07:29,30.64,47.96,BuildingA_Floor2,TypeC
1024,2025-04-03 18:25:48,32.44,62.57,BuildingA_Floor2,TypeC
1078,2025-04-03 13:01:34,20.34,61.0,BuildingA_Floor2,TypeA
1029,2025-04-07 17:05:54,18.77,47.95,BuildingA_Floor2,TypeC
1076,2025-04-06 10:12:29,30.08,65.86,BuildingA_Floor2,TypeB
1083,2025-04-04 18:49:00,27.68,72.97,BuildingA_Floor2,TypeC
1042,2025-04-03 20:11:10,31.54,40.89,BuildingB_Floor2,TypeB
1032,2025-04-05 12:09:07,31.21,51.56,BuildingB_Floor1,TypeC
1015,2025-04-07 22:58:54,16.39,46.25,BuildingB_Floor2,TypeB
1017,2025-04-08 05:23:21,31.44,51.23,BuildingB_Floor2,TypeC
1080,2025-04-03 18:49:52,20.33,43.65,BuildingA_Floor2,TypeA
1033,2025-04-03 15:52:01,30.84,41.63,BuildingA_Floor2,TypeB
1018,2025-04-04 23:37:38,28.86,30.96,BuildingA_Floor2,TypeC
1080,2025-04-06 23:00:12,22.51,50.31,BuildingA_Floor1,TypeA
1048,2025-04-07 14:47:33,30.97,49.74,BuildingA_Floor2,TypeA
1019,2025-04-03 11:40:10,16.64,68.05,BuildingB_Floor2,TypeA
1075,2025-04-03 14:25:59,34.32,57.21,BuildingB_Floor2,TypeA
1052,2025-04-07 05:54:46,30.78,79.6,BuildingA_Floor2,TypeB
1094,2025-04-05 09:01:51,34.78,79.2,BuildingB_Floor2,TypeA
1078,2025-04-04 22:10:40,28.49,52.99,BuildingA_Floor1,TypeB
1073,2025-04-06 01:16:51,33.21,32.35,BuildingB_Floor1,TypeC
1080,2025-04-08 06:50:08,18.39,45.57,BuildingB_Floor1,TypeC
1060,2025-04-06 07:38:58,16.92,58.0,BuildingA_Floor1,TypeA
1053,2025-04-06 22:12:58,20.91,51.87,BuildingA_Floor1,TypeC
1089,2025-04-04 16:02:04,31.63,75.38,BuildingB_Floor1,TypeA
1096,2025-04-03 23:39:44,31.93,59.79,BuildingB_Floor2,TypeA
1060,2025-04-06 18:30:33,15.46,40.89,BuildingB_Floor1,TypeB
1026,2025-04-07 17:31:26,22.18,49.75,BuildingA_Floor2,TypeB
1032,2025-04-06 06:30:04,34.44,75.76,BuildingA_Floor2,TypeB
1044,2025-04-07 12:46:28,33.06,65.57,BuildingB_Floor2,TypeC
1006,2025-04-05 14:02:42,17.7,36.24,BuildingB_Floor1,TypeA
1059,2025-04-08 07:02:34,16.28,57.84,BuildingA_Floor1,TypeB
1008,2025-04-04 14:04:01,26.92,71.97,BuildingA_Floor1,TypeA
1089,2025-04-06 12:02:52,32.97,73.48,BuildingB_Floor2,TypeA
1073,2025-04-04 22:04:27,22.13,33.92,BuildingA_Floor2,TypeA
1033,2025-04-06 12:36:00,26.25,38.11,BuildingA_Floor2,TypeA
1006,2025-04-05 09:39:54,25.67,62.8,BuildingB_Floor2,TypeB
1065,2025-04-05 16:33:26,21.16,63.14,BuildingA_Floor1,TypeC
1062,2025-04-04 06:42:17,27.46,62.76,BuildingB_Floor2,TypeB
1083,2025-04-03 15:30:27,25.36,43.89,BuildingB_Floor2,TypeC
1090,2025-04-04 17:39:41,32.7,58.23,BuildingB_Floor1,TypeC
1072,2025-04-07 21:16:03,33.95,59.79,BuildingB_Floor2,TypeA
1052,2025-04-05 16:54:02,23.29,54.26,BuildingA_Floor2,TypeB
1038,2025-04-08 09:15:26,30.41,75.29,BuildingB_Floor2,TypeA
1000,2025-04-03 12:06:35,17.64,47.58,BuildingB_Floor1,TypeC
1062,2025-04-06 05:54:48,20.72,33.84,BuildingA_Floor2,TypeC
1001,2025-04-06 08:24:06,22.66,50.94,BuildingA_Floor1,TypeA
1072,2025-04-06 00:55:42,34.24,30.73,BuildingA_Floor2,TypeB
1002,2025-04-04 05:05:37,22.41,35.29,BuildingA_Floor1,TypeA
1089,2025-04-04 20:14:01,30.03,33.36,BuildingB_Floor2,TypeA
1027,2025-04-07 05:28:38,32.95,48.85,BuildingB_Floor1,TypeA
1019,2025-04-05 23:32:34,34.13,56.22,BuildingB_Floor1,TypeA
1047,2025-04-06 22:05:19,33.34,74.58,BuildingB_Floor1,TypeA
1029,2025-04-05 23:04:47,25.31,60.36,BuildingB_Floor2,TypeC
1073,2025-04-07 19:21:46,16.15,53.63,BuildingA_Floor2,TypeB
1048,2025-04-05 20:31:12,20.17,37.16,BuildingB_Floor1,TypeC
1014,2025-04-07 14:27:55,15.52,63.39,BuildingA_Floor2,TypeB
1074,2025-04-05 09:41:16,22.63,69.73,BuildingA_Floor2,TypeC
1096,2025-04-03 12:12:55,21.97,46.1,BuildingA_Floor1,TypeB
1082,2025-04-05 16:02:11,15.2,53.33,BuildingB_Floor2,TypeA
1037,2025-04-05 10:50:05,30.34,68.48,BuildingA_Floor1,TypeC
1032,2025-04-05 04:19:07,28.37,74.65,BuildingA_Floor2,TypeA
1074,2025-04-03 22:48:39,33.95,69.54,BuildingB_Floor2,TypeC
1003,2025-04-07 15:21:33,24.23,44.85,BuildingA_Floor2,TypeC
1027,2025-04-03 12:39:20,32.8,69.82,BuildingB_Floor1,TypeB
1060,2025-04-07 22:32:12,33.31,59.66,BuildingB_Floor1,TypeC
1045,2025-04-04 20:09:58,15.53,60.22,BuildingA_Floor1,TypeC
1064,2025-04-04 05:28:13,19.87,74.76,BuildingB_Floor1,TypeB
1089,2025-04-08 06:50:11,27.76,39.66,BuildingA_Floor2,TypeB
1066,2025-04-07 11:26:02,33.93,65.29,BuildingA_Floor2,TypeB
1072,2025-04-08 08:14:21,18.33,57.32,BuildingA_Floor2,TypeB
1020,2025-04-08 08:59:27,25.73,31.65,BuildingB_Floor1,TypeA
1049,2025-04-07 13:36:17,26.64,34.52,BuildingB_Floor2,TypeA
1067,2025-04-04 17:19:32,23.32,38.82,BuildingA_Floor1,TypeA
1088,2025-04-06 23:40:20,15.64,57.36,BuildingA_Floor2,TypeC
1063,2025-04-04 22:26:08,32.16,50.9,BuildingA_Floor2,TypeC
1019,2025-04-04 21:45:09,24.66,65.59,BuildingA_Floor2,TypeB
1043,2025-04-04 07:34:51,24.12,72.3,BuildingA_Floor2,TypeA
1071,2025-04-06 02:21:39,18.6,45.24,BuildingA_Floor1,TypeB
1064,2025-04-05 21:01:45,18.39,42.25,BuildingB_Floor2,TypeC
1055,2025-04-04 02:55:52,23.03,68.27,BuildingA_Floor2,TypeA
1058,2025-04-06 17:18:23,18.17,41.02,BuildingA_Floor2,TypeB
1063,2025-04-06 08:48:01,23.6,33.53,BuildingB_Floor1,TypeC
1047,2025-04-06 10:48:18,31.24,72.83,BuildingB_Floor1,TypeB
1010,2025-04-04 07:04:09,21.15,65.26,BuildingB_Floor2,TypeC
1081,2025-04-06 23:42:53,24.56,59.33,BuildingB_Floor1,TypeC
1076,2025-04-03 20:24:15,33.69,55.5,BuildingA_Floor2,TypeA
1030,2025-04-03 15:16:00,17.45,30.89,BuildingA_Floor1,TypeA
1096,2025-04-04 20:17:04,26.8,33.36,BuildingB_Floor1,TypeB
1060,2025-04-08 02:52:02,21.97,63.12,BuildingA_Floor1,TypeC
1013,2025-04-05 06:26:45,29.5,66.83,BuildingA_Floor2,TypeB
1001,2025-04-04 20:33:13,32.26,67.03,BuildingA_Floor2,TypeB
1089,2025-04-04 01:57:49,19.45,42.18,BuildingB_Floor2,TypeA
1022,2025-04-03 18:35:35,27.72,68.95,BuildingB_Floor2,TypeC
1037,2025-04-03 14:47:21,23.64,52.74,BuildingA_Floor2,TypeC
1011,2025-04-04 03:35:09,33.16,68.27,BuildingA_Floor1,TypeB
1043,2025-04-03 18:55:58,26.2,59.35,BuildingB_Floor1,TypeB
1067,2025-04-04 02:22:01,15.15,33.07,BuildingB_Floor2,TypeB
1016,2025-04-06 04:34:25,19.7,50.91,BuildingA_Floor1,TypeB
1058,2025-04-08 06:50:34,15.62,75.44,BuildingA_Floor2,TypeA
1098,2025-04-05 22:19:57,21.49,48.17,BuildingA_Floor1,TypeC
1069,2025-04-07 10:38:32,31.77,57.7,BuildingB_Floor2,TypeB
1067,2025-04-03 18:35:37,15.8,38.93,BuildingB_Floor1,TypeB
1086,2025-04-03 23:20:59,17.45,54.11,BuildingB_Floor2,TypeA
1090,2025-04-05 15:57:38,26.41,75.73,BuildingA_Floor1,TypeA
1015,2025-04-04 04:01:19,23.09,30.88,BuildingA_Floor1,TypeA
1075,2025-04-04 21:36:25,27.02,34.33,BuildingA_Floor2,TypeC
1063,2025-04-04 07:35:50,16.44,59.24,BuildingB_Floor1,TypeA
1025,2025-04-07 09:57:34,28.93,69.95,BuildingA_Floor1,TypeA
1075,2025-04-03 15:22:46,27.45,61.58,BuildingB_Floor1,TypeC
1043,2025-04-04 05:56:14,18.28,64.55,BuildingA_Floor1,TypeA
1067,2025-04-05 09:39:54,29.88,78.12,BuildingA_Floor1,TypeB
1013,2025-04-06 20:33:19,24.56,45.57,BuildingB_Floor1,TypeB
1075,2025-04-05 20:39:54,22.39,58.48,BuildingB_Floor1,TypeC
1087,2025-04-04 06:56:00,16.65,32.33,BuildingB_Floor2,TypeA
1048,2025-04-03 20:11:51,22.56,31.74,BuildingA_Floor1,TypeB
1100,2025-04-03 23:32:16,26.73,77.76,BuildingB_Floor2,TypeB
1092,2025-04-04 09:37:05,19.82,49.85,BuildingA_Floor2,TypeA
1025,2025-04-04 16:31:49,20.59,48.48,BuildingB_Floor1,TypeA
1086,2025-04-07 05:20:43,23.06,71.96,BuildingA_Floor1,TypeB
1091,2025-04-07 02:39:37,20.92,76.64,BuildingA_Floor1,TypeC
1024,2025-04-08 07:45:56,33.98,63.76,BuildingA_Floor1,TypeA
1085,2025-04-04 15:13:32,24.85,30.55,BuildingA_Floor1,TypeC
1076,2025-04-07 16:51:05,24.58,55.15,BuildingA_Floor2,TypeB
1084,2025-04-08 03:48:52,27.05,35.68,BuildingA_Floor2,TypeB
1040,2025-04-05 05:23:31,23.42,79.25,BuildingA_Floor2,TypeC
1061,2025-04-07 14:13:03,33.57,38.48,BuildingA_Floor1,TypeC
1019,2025-04-04 03:09:22,28.39,51.59,BuildingA_Floor2,TypeC
1100,2025-04-06 11:18:24,26.03,41.65,BuildingA_Floor1,TypeA
1042,2025-04-05 21:49:35,33.62,67.43,BuildingA_Floor1,TypeA
1053,2025-04-05 03:11:57,31.96,37.18,BuildingA_Floor1,TypeB
1077,2025-04-07 06:39:40,32.36,76.69,BuildingA_Floor1,TypeA
1023,2025-04-04 11:27:36,21.08,40.69,BuildingA_Floor1,TypeA
1041,2025-04-03 21:35:13,25.35,38.19,BuildingA_Floor1,TypeB
1031,2025-04-06 17:03:52,21.13,44.49,BuildingA_Floor2,TypeA
1006,2025-04-06 10:34:20,20.25,30.8,BuildingB_Floor2,TypeC
1049,2025-04-05 09:29:29,21.56,35.74,BuildingB_Floor1,TypeA
1078,2025-04-04 02:27:13,28.16,65.09,BuildingB_Floor1,TypeC
1048,2025-04-07 15:41:07,25.51,79.64,BuildingB_Floor1,TypeC
1073,2025-04-04 12:25:25,23.69,57.5,BuildingA_Floor2,TypeB
1093,2025-04-07 02:31:54,30.22,52.2,BuildingA_Floor2,TypeC
1052,2025-04-08 06:40:50,25.1,67.93,BuildingB_Floor1,TypeA
1055,2025-04-07 02:33:27,28.56,74.75,BuildingB_Floor1,TypeA
1027,2025-04-04 19:01:52,30.32,48.23,BuildingA_Floor1,TypeC
1061,2025-04-07 13:48:28,26.54,54.15,BuildingB_Floor1,TypeA
1003,2025-04-07 16:24:52,33.88,67.37,BuildingA_Floor2,TypeC
1084,2025-04-06 06:46:23,28.84,53.26,BuildingA_Floor1,TypeA
1033,2025-04-07 14:22:39,34.26,47.21,BuildingB_Floor2,TypeC
1036,2025-04-05 12:51:15,22.61,61.28,BuildingA_Floor2,TypeA
1063,2025-04-07 05:19:36,18.08,71.06,BuildingB_Floor1,TypeB
1081,2025-04-05 01:22:09,25.85,61.32,BuildingB_Floor2,TypeA
1070,2025-04-06 02:21:29,28.04,66.88,BuildingA_Floor2,TypeC
1087,2025-04-04 23:09:18,27.99,47.7,BuildingA_Floor2,TypeB
1071,2025-04-07 01:24:45,23.77,57.95,BuildingA_Floor2,TypeB
1011,2025-04-06 00:05:17,34.49,30.81,BuildingA_Floor2,TypeC
1023,2025-04-07 11:18:47,34.81,38.74,BuildingA_Floor2,TypeC
1009,2025-04-03 18:53:52,20.92,47.99,BuildingB_Floor1,TypeA
1055,2025-04-07 21:55:14,33.85,40.22,BuildingB_Floor1,TypeA
1091,2025-04-07 20:59:18,29.57,61.36,BuildingB_Floor1,TypeC
1096,2025-04-05 20:00:28,22.38,47.75,BuildingA_Floor1,TypeA
1021,2025-04-06 08:00:58,17.9,49.42,BuildingA_Floor1,TypeB
1064,2025-04-04 03:36:57,33.15,70.2,BuildingB_Floor2,TypeB
1009,2025-04-07 22:56:23,23.31,69.86,BuildingB_Floor1,TypeA
1014,2025-04-06 07:16:11,22.86,46.58,BuildingB_Floor1,TypeB
1006,2025-04-06 14:43:24,24.13,39.77,BuildingA_Floor1,TypeB
1068,2025-04-07 04:13:24,21.8,64.68,BuildingA_Floor1,TypeA
1034,2025-04-05 01:12:10,15.25,41.5,BuildingB_Floor2,TypeC
1092,2025-04-05 01:49:43,25.71,66.79,BuildingA_Floor2,TypeA
1012,2025-04-03 12:45:47,19.8,35.74,BuildingB_Floor1,TypeB
1053,2025-04-05 18:17:14,16.45,32.21,BuildingB_Floor2,TypeC
1078,2025-04-05 13:17:47,34.03,79.71,BuildingB_Floor1,TypeC
1040,2025-04-07 09:12:46,18.63,31.66,BuildingA_Floor1,TypeC
1083,2025-04-08 02:22:15,18.06,62.02,BuildingA_Floor2,TypeC
1020,2025-04-08 10:41:18,15.95,51.2,BuildingA_Floor2,TypeB
1016,2025-04-06 07:14:57,18.22,30.52,BuildingB_Floor2,TypeB
1017,2025-04-04 09:33:44,31.55,66.91,BuildingA_Floor1,TypeA
1010,2025-04-03 18:40:02,30.37,37.84,BuildingB_Floor1,TypeB
1059,2025-04-05 11:54:18,15.61,42.38,BuildingA_Floor1,TypeB
1028,2025-04-03 15:57:59,32.79,74.87,BuildingB_Floor2,TypeB
1045,2025-04-03 23:42:00,24.62,30.63,BuildingA_Floor1,TypeC
1074,2025-04-06 01:33:41,20.91,48.6,BuildingA_Floor2,TypeC
1061,2025-04-06 02:53:46,34.16,54.5,BuildingA_Floor2,TypeA
1027,2025-04-04 18:26:15,26.06,44.05,BuildingA_Floor1,TypeA
1000,2025-04-06 16:46:18,18.44,38.84,BuildingB_Floor1,TypeA
1061,2025-04-05 02:53:12,17.29,74.33,BuildingA_Floor2,TypeB
1022,2025-04-03 14:45:00,34.86,70.93,BuildingB_Floor1,TypeB
1095,2025-04-08 08:19:30,23.17,35.01,BuildingA_Floor1,TypeC
1054,2025-04-07 02:49:26,21.63,78.1,BuildingB_Floor2,TypeB
1004,2025-04-04 01:33:32,16.65,63.81,BuildingB_Floor2,TypeC
1052,2025-04-05 07:21:21,29.73,64.31,BuildingB_Floor1,TypeB
1025,2025-04-07 19:11:54,21.63,37.03,BuildingA_Floor2,TypeB
1081,2025-04-06 18:50:20,29.3,47.42,BuildingA_Floor1,TypeB
1095,2025-04-06 22:17:22,28.33,33.76,BuildingB_Floor2,TypeA
1026,2025-04-06 07:54:54,32.58,69.39,BuildingB_Floor1,TypeB
1014,2025-04-06 00:20:29,32.8,73.11,BuildingB_Floor1,TypeC
1077,2025-04-04 19:25:33,21.52,48.71,BuildingA_Floor1,TypeB
1037,2025-04-07 07:28:47,20.67,62.94,BuildingA_Floor1,TypeA
1060,2025-04-04 19:18:03,17.54,38.43,BuildingA_Floor1,TypeA
1016,2025-04-03 19:59:56,24.96,46.02,BuildingA_Floor2,TypeA
